insert into management.snack_type(id, name) values (1, 'Salty Snacks');
insert into management.snack_type(id, name) values (2, 'Sweet Snacks');
insert into management.snack_type(id, name) values (3, 'Drinks');
insert into management.snacks(name, snack_type_id, quantity, price) values ('Potato chips',1,100,2.50);
insert into management.snacks(name, snack_type_id, quantity, price) values ('Popcorn',1,100,4.25);
insert into management.snacks(name, snack_type_id, quantity, price) values ('Trail mix',1,50,2);
insert into management.snacks(name, snack_type_id, quantity, price) values ('Hot Dog',1,60,5.50);
insert into management.snacks(name, snack_type_id, quantity, price) values ('Nachos',1,50,6.75);
insert into management.snacks(name, snack_type_id, quantity, price) values ('Chocolate',2,80,1);
insert into management.snacks(name, snack_type_id, quantity, price) values ('Candy',2,150,1);
insert into management.snacks(name, snack_type_id, quantity, price) values ('Coca-Cola',3,200,4.30);
insert into management.snacks(name, snack_type_id, quantity, price) values ('Water',3,200,1.50);
insert into management.snacks(name, snack_type_id, quantity, price) values ('Lemon Soda',3,200,3.50);
insert into management.member_card_type(title, member_card_image) values ('quartz', '');
insert into management.member_card_type(title, member_card_image) values ('jade', '');
insert into management.member_card_type(title, member_card_image) values ('ruby', '');
insert into management.chair_type(description) values ('General');
insert into management.chair_type(description) values ('Preference');
insert into management.chair_type(description) values ('Handicapped');
insert into management.screen_type(name, description) values ('AVX', 'AVX');
insert into management.screen_type(name, description) values ('IMAX', 'IMAX');
insert into management.screen_type(name, description) values ('4DX', '4DX');
insert into management.screen_type(name, description) values ('ScreenX', 'ScreenX');
insert into management.screen_type(name, description) values ('D-BOX', 'D-BOX');
insert into management.cast_type(role_name) values ('Main Character');
insert into management.cast_type(role_name) values ('Supporting');
insert into management.cast_type(role_name) values ('Antagonist');